{"cameraMode":{"drawMode":0,"name":"Shaded","section":"Shading Mode"},"sceneLighting":false,"audioPlay":false,"sceneViewState":{"showFog":true,"showMaterialUpdate":false,"showSkybox":false,"showFlares":true,"showImageEffects":true,"showParticleSystems":true},"in2DMode":false,"pivot":{"x":3.151702404022217,"y":18.740276336669923,"z":-15.025972366333008},"rotation":{"x":0.30417779088020327,"y":0.03770336136221886,"z":-0.01207258366048336,"w":0.9518494009971619},"size":20.042245864868165,"orthographic":false}