{"cameraMode":{"drawMode":0,"name":"Shaded","section":"Shading Mode"},"sceneLighting":false,"audioPlay":false,"sceneViewState":{"showFog":true,"showMaterialUpdate":false,"showSkybox":false,"showFlares":true,"showImageEffects":true,"showParticleSystems":true},"in2DMode":false,"pivot":{"x":-3.7122602462768556,"y":1.5166983604431153,"z":5.2486348152160648},"rotation":{"x":-0.5152958631515503,"y":-0.03473493456840515,"z":0.020819080993533136,"w":-0.8561211228370667},"size":24.839725494384767,"orthographic":false}