{"cameraMode":{"drawMode":0,"name":"Shaded","section":"Shading Mode"},"sceneLighting":false,"audioPlay":false,"sceneViewState":{"showFog":true,"showMaterialUpdate":false,"showSkybox":false,"showFlares":true,"showImageEffects":true,"showParticleSystems":true},"in2DMode":false,"pivot":{"x":0.000004166704457020387,"y":0.00004042443470098078,"z":-0.00001642789902689401},"rotation":{"x":0.12261772155761719,"y":-0.6820670366287231,"z":-0.11755748093128205,"w":-0.711319088935852},"size":0.00005715767838410102,"orthographic":false}