{"cameraMode":{"drawMode":0,"name":"Shaded","section":"Shading Mode"},"sceneLighting":false,"audioPlay":false,"sceneViewState":{"showFog":true,"showMaterialUpdate":false,"showSkybox":false,"showFlares":true,"showImageEffects":true,"showParticleSystems":true},"in2DMode":false,"pivot":{"x":-4.086324691772461,"y":25.121309280395509,"z":-14.362480163574219},"rotation":{"x":0.43119797110557558,"y":-0.007256814744323492,"z":0.0035736490972340109,"w":0.9022843241691589},"size":3.233330488204956,"orthographic":false}