{"cameraMode":{"drawMode":0,"name":"Shaded","section":"Shading Mode"},"sceneLighting":false,"audioPlay":false,"sceneViewState":{"showFog":true,"showMaterialUpdate":false,"showSkybox":false,"showFlares":true,"showImageEffects":true,"showParticleSystems":true},"in2DMode":false,"pivot":{"x":0.000009040577424457297,"y":0.000049163914809469134,"z":-0.000020412953745108098},"rotation":{"x":0.019959496334195138,"y":-0.9181830883026123,"z":-0.046573907136917117,"w":-0.3929619789123535},"size":0.00005715767838410102,"orthographic":false}