{"cameraMode":{"drawMode":0,"name":"Shaded","section":"Shading Mode"},"sceneLighting":false,"audioPlay":false,"sceneViewState":{"showFog":true,"showMaterialUpdate":false,"showSkybox":false,"showFlares":true,"showImageEffects":true,"showParticleSystems":true},"in2DMode":false,"pivot":{"x":6.351097583770752,"y":8.09888744354248,"z":-4.694104194641113},"rotation":{"x":-0.2983705401420593,"y":-0.04378636181354523,"z":0.013735282234847546,"w":-0.9533708095550537},"size":1.8000571727752686,"orthographic":false}