{"cameraMode":{"drawMode":0,"name":"Shaded","section":"Shading Mode"},"sceneLighting":false,"audioPlay":false,"sceneViewState":{"showFog":true,"showMaterialUpdate":false,"showSkybox":false,"showFlares":true,"showImageEffects":true,"showParticleSystems":true},"in2DMode":false,"pivot":{"x":-1.2128041982650757,"y":4.504074573516846,"z":6.719242572784424},"rotation":{"x":0.19260530173778535,"y":-0.005307312123477459,"z":0.0010021444177255035,"w":0.9813149571418762},"size":25.01915168762207,"orthographic":false}