{"cameraMode":{"drawMode":0,"name":"Shaded","section":"Shading Mode"},"sceneLighting":false,"audioPlay":false,"sceneViewState":{"showFog":true,"showMaterialUpdate":false,"showSkybox":false,"showFlares":true,"showImageEffects":true,"showParticleSystems":true},"in2DMode":false,"pivot":{"x":6.0409650802612309,"y":8.273841857910157,"z":-14.126004219055176},"rotation":{"x":0.20037660002708436,"y":-0.41966378688812258,"z":0.0954626128077507,"w":0.8801766037940979},"size":16.24462127685547,"orthographic":false}