{"cameraMode":{"drawMode":0,"name":"Shaded","section":"Shading Mode"},"sceneLighting":true,"audioPlay":false,"sceneViewState":{"showFog":true,"showMaterialUpdate":false,"showSkybox":true,"showFlares":true,"showImageEffects":true,"showParticleSystems":true},"in2DMode":false,"pivot":{"x":8.122832298278809,"y":-8.933588027954102,"z":158.88082885742188},"rotation":{"x":0.04941754788160324,"y":0.8355457186698914,"z":0.07828817516565323,"w":-0.5418150424957275},"size":33.12594985961914,"orthographic":true}