{"cameraMode":{"drawMode":0,"name":"Shaded","section":"Shading Mode"},"sceneLighting":true,"audioPlay":false,"sceneViewState":{"showFog":true,"showMaterialUpdate":false,"showSkybox":true,"showFlares":true,"showImageEffects":true,"showParticleSystems":true},"in2DMode":false,"pivot":{"x":8.122832298278809,"y":-8.933588027954102,"z":158.88082885742188},"rotation":{"x":-0.0012708966387435794,"y":0.9999582171440125,"z":-0.012290854007005692,"w":-0.014174291864037514},"size":33.12594985961914,"orthographic":true}