{"cameraMode":{"drawMode":0,"name":"Shaded","section":"Shading Mode"},"sceneLighting":false,"audioPlay":false,"sceneViewState":{"showFog":true,"showMaterialUpdate":false,"showSkybox":false,"showFlares":true,"showImageEffects":true,"showParticleSystems":true},"in2DMode":false,"pivot":{"x":-1.8311876058578492,"y":11.100931167602539,"z":-9.061841011047364},"rotation":{"x":-0.0022767975460737945,"y":0.8401095271110535,"z":-0.5424138307571411,"w":-0.003528003580868244},"size":92.3495864868164,"orthographic":false}